strategy,market,period,cost_scenario,initial_cash,net_pnl,trades,profit_factor,win_rate_pct,max_marked_drawdown_dollars,max_marked_drawdown_pct,cagr_pct
Opening range breakout (MNQ adaptation),MNQ,full,1 ticks/side; $0.61 fee/side,50000,6440.48,616,1.1902725954,49.6753246753,1386.2800000001,2.623926367,
Opening range breakout (MNQ adaptation),MNQ,full,2 ticks/side; $0.61 fee/side,50000,6395.08,611,1.1906103449,49.7545008183,1405.7800000001,2.6937576854,
Opening range breakout (MNQ adaptation),MNQ,development,1 ticks/side; $0.61 fee/side,50000,3993.3,460,1.1653537634,49.5652173913,1357.9000000001,2.623926367,
Opening range breakout (MNQ adaptation),MNQ,development,2 ticks/side; $0.61 fee/side,50000,4065.18,456,1.1709935442,49.7807017544,1390.4000000001,2.6937576854,
Opening range breakout (MNQ adaptation),MNQ,diagnostic,1 ticks/side; $0.61 fee/side,50000,2447.18,156,1.2523214547,50.0,1386.28,2.7540762924,
Opening range breakout (MNQ adaptation),MNQ,diagnostic,2 ticks/side; $0.61 fee/side,50000,2329.9,155,1.2383124707,49.6774193548,1405.78,2.792927265,
Hourly range reversal (MNQ adaptation),MNQ,full,1 ticks/side; $0.61 fee/side,50000,-1966.82,156,0.8016710766,40.3846153846,3304.74,6.5384631365,
Hourly range reversal (MNQ adaptation),MNQ,full,2 ticks/side; $0.61 fee/side,50000,-2103.32,156,0.7898772822,40.3846153846,3359.5800000001,6.6542926246,
Hourly range reversal (MNQ adaptation),MNQ,development,1 ticks/side; $0.61 fee/side,50000,-2132.6,130,0.7443262879,38.4615384615,3304.74,6.5384631365,
Hourly range reversal (MNQ adaptation),MNQ,development,2 ticks/side; $0.61 fee/side,50000,-2247.1,130,0.733158376,38.4615384615,3359.5800000001,6.6542926246,
Hourly range reversal (MNQ adaptation),MNQ,diagnostic,1 ticks/side; $0.61 fee/side,50000,165.78,26,1.1051997005,50.0,925.74,1.8355449005,
Hourly range reversal (MNQ adaptation),MNQ,diagnostic,2 ticks/side; $0.61 fee/side,50000,143.78,26,1.0904925544,50.0,941.74,1.8674546249,
One-minute scalper (independent proxy),MNQ,full,1 ticks/side; $0.61 fee/side,50000,-50020.82,22006,0.791076533,48.9139325638,50063.8900000214,100.0416041622,
One-minute scalper (independent proxy),MNQ,full,2 ticks/side; $0.61 fee/side,50000,-50037.5,16250,0.7190916934,46.3630769231,50074.5700000148,100.0749444362,
One-minute scalper (independent proxy),MNQ,development,1 ticks/side; $0.61 fee/side,50000,-50020.82,22006,0.791076533,48.9139325638,50063.8900000214,100.0416041622,
One-minute scalper (independent proxy),MNQ,development,2 ticks/side; $0.61 fee/side,50000,-50037.5,16250,0.7190916934,46.3630769231,50074.5700000148,100.0749444362,
One-minute scalper (independent proxy),MNQ,diagnostic,1 ticks/side; $0.61 fee/side,50000,-24809.6,10580,0.8542544693,49.2627599244,25957.310000012,51.6467386958,
One-minute scalper (independent proxy),MNQ,diagnostic,2 ticks/side; $0.61 fee/side,50000,-33985.34,10447,0.8038092434,48.0712166172,34881.5800000119,69.4853990658,
ibs_daily_reddit,SPY,full,base_1bp_fee_1bp_slippage,100000.0,179731.33306287375,241,1.7346211628350998,73.02904564315352,53509.844653422915,24.117325363469654,5.142688217431091
buy_and_hold,SPY,full,base_1bp_fee_1bp_slippage,100000.0,542613.3211165403,1,,100.0,86292.1354833984,50.71300392830338,9.493504913061358
ibs_daily_reddit,SPY,full,stress_2bp_fee_5bp_slippage,100000.0,122502.16678449392,241,1.5419886512469194,72.19917012448133,49865.067856314854,25.717248550663893,3.975948813506025
buy_and_hold,SPY,full,stress_2bp_fee_5bp_slippage,100000.0,542280.8115432726,1,,100.0,86292.13548339845,50.73249878755496,9.49074221622821
ibs_daily_reddit,SPY,later_diagnostic,base_1bp_fee_1bp_slippage,100000.0,17297.272640146984,25,2.5496657953503874,80.0,11995.010249711791,10.73839821025771,6.152246991116561
buy_and_hold,SPY,later_diagnostic,base_1bp_fee_1bp_slippage,100000.0,62850.07681991687,1,,100.0,22836.04235620117,17.647559473091665,20.02068843640503
ibs_daily_reddit,SPY,later_diagnostic,stress_2bp_fee_5bp_slippage,100000.0,14548.66776960023,25,2.2626846730200656,80.0,12010.758332017052,10.875997753395055,5.214472510909984
buy_and_hold,SPY,later_diagnostic,stress_2bp_fee_5bp_slippage,100000.0,62726.46833202685,1,,100.0,22836.04235620117,17.65397004301828,19.986588693839646
ibs_daily_reddit,QQQ,full,base_1bp_fee_1bp_slippage,100000.0,280364.4026917663,195,2.253684827187053,75.38461538461539,42910.84431847505,13.328431122767388,8.900135545225819
buy_and_hold,QQQ,full,base_1bp_fee_1bp_slippage,100000.0,1201731.5249793024,1,,100.0,246826.57600000006,33.75931772538094,17.795549334586823
ibs_daily_reddit,QQQ,full,stress_2bp_fee_5bp_slippage,100000.0,216058.91135462734,195,2.0339831613445423,73.33333333333333,39154.622823319136,14.098026189057622,7.620561149841398
buy_and_hold,QQQ,full,stress_2bp_fee_5bp_slippage,100000.0,1200368.0828828167,1,,100.0,246685.04700000002,33.75888231793957,17.787671357075
ibs_daily_reddit,QQQ,later_diagnostic,base_1bp_fee_1bp_slippage,100000.0,16921.949011279197,31,2.0457492846967034,70.96774193548387,13169.16745742751,11.604916707179648,6.025009817809157
buy_and_hold,QQQ,later_diagnostic,base_1bp_fee_1bp_slippage,100000.0,73939.18888409217,1,,100.0,28353.869075683586,21.55876404470714,23.016243567611095
ibs_daily_reddit,QQQ,later_diagnostic,stress_2bp_fee_5bp_slippage,100000.0,13541.656847609513,31,1.7989745037452298,64.51612903225806,13231.169188124462,11.815066136668696,4.867376386689171
buy_and_hold,QQQ,later_diagnostic,stress_2bp_fee_5bp_slippage,100000.0,73809.28099174265,1,,100.0,28353.869075683586,21.566451900464642,22.98185345776438
